title,link
‘클릭 한번에 150억원’ 비트코인 최고가 경신에... 암호화폐 부자 노린 강력범죄 급증,http://v.daum.net/v/20250530134417903
가격 하락에도 기관 자금은 ‘역주행’···비트코인 ETF에 42억 달러 유입,http://v.daum.net/v/20250530140605584
"""조정 왔나""…비트코인, 기관 수요에도 1억4700만원대로 '털썩'",http://v.daum.net/v/20250530094255957
[비트코인 2025] 테더 CEO “올해 말 세계 최대 비트코인 채굴기업 될 것”,http://v.daum.net/v/20250530090905481
[비트코인 2025]대세 떠오른 비트코인 비축기업들,http://v.daum.net/v/20250530150900894
[비트코인 2025]세계최대 스테이블코인 테더 CEO “비트코인까지 쓸어담을 것”,http://v.daum.net/v/20250530151200002
떨어지는 비트코인,http://v.daum.net/v/20250530103117094
하락세 탄 비트코인,http://v.daum.net/v/20250530103107086
"[비즈 나우] 美, 1경 '은퇴자금' 비트코인 투자 빗장 풀었다",http://v.daum.net/v/20250530074812188
"""지금 들어갈까""...천장 뚫던 비트코인 '주춤'",http://v.daum.net/v/20250530080346539
"비트코인, 미 관세 불확실성 심화에 하락세",http://v.daum.net/v/20250530103119099
“매일 2% 수익” 1300억 대 비트코인 중개사업 BSB77 설립자 1심 징역 12년,http://v.daum.net/v/20250530132639291
비트코인 '관세 불확실성 심화'에 한때 10만5천달러대 거래,http://v.daum.net/v/20250530074335109
[비트코인 2025] 美SEC 가상자산 TF장 “밈코인 살 자유 있어야…투자자 간섭 심하면 안 돼”,http://v.daum.net/v/20250530090900475
"[외신 헤드라인] 트럼프, '퇴직자금' 비트코인 투자 길 열었다",http://v.daum.net/v/20250530062716154
"신고가 찍은 비트코인...""조정 온다""vs""매도세 미미""",http://v.daum.net/v/20250529142306627
"가상자산 왕국 향한 트럼프家의 야심…“비트코인은 이미 주류, 달러 넘어 패권 쥔다”",http://v.daum.net/v/20250530002400565
"[Today’s PICK] 미국 정부, 1경 은퇴자금…비트코인 투자 빗장 풀어",http://v.daum.net/v/20250530000202204
최고 투자자는 중국인…밈코인으로 대통령과의 만남을 ‘샀다’[비트코인 A to Z],http://v.daum.net/v/20250530095307440
"SEC, 바이낸스 소송 철회…美 역사상 최대 암호화폐 단속 막 내렸다",http://v.daum.net/v/20250530102608838
美 상호관세 판결 연기…비트코인 10만 5000달러 '뚝'[코인브리핑],http://v.daum.net/v/20250530102822946
'관세 불확실성 심화'에 비트코인 뒷걸음…국내선 1억4800만원대,http://v.daum.net/v/20250530075403288
환율급락에 국내 金·비트코인 투자수익률도 ‘뚝뚝’,http://v.daum.net/v/20250530111232136
"“그래봤자 가상화폐라고?”…6000원 생수·800만원 그림, 다 비트코인 결제",http://v.daum.net/v/20250529143300246
[비트코인 2025]라스베이거스 비트코인 행사에 총출동한 트럼트 사단들 “이런 기회는 다시 안온다”,http://v.daum.net/v/20250529143901582
[하우머니] 비트코인 컨퍼런스 2025…관전 포인트는?,http://v.daum.net/v/20250529101026095
"[마켓칼럼] ""주식·채권 비중 8대2 추천…美 중심으로 투자""",http://v.daum.net/v/20250530145502300
美부통령 “크립토는 미 경제 주류”...비트코인은 10.8만弗 횡보 [매일코인],http://v.daum.net/v/20250529104209004
"시저스, 비트코인 금융 플랫폼 '메조' 메인넷 출시",http://v.daum.net/v/20250529100316667
"[비트코인 2025] 트럼프 두 아들, 전통 금융 작심 비판…“크립토가 투명성 높인다”",http://v.daum.net/v/20250529102103722
